"cluster","Sample_Name","Freq"
"0","Kontrolle_DMEM",276
"1","Kontrolle_DMEM",1536
"2","Kontrolle_DMEM",78
"3","Kontrolle_DMEM",5502
"4","Kontrolle_DMEM",5728
"5","Kontrolle_DMEM",3284
"6","Kontrolle_DMEM",1809
"7","Kontrolle_DMEM",1425
"8","Kontrolle_DMEM",102
"9","Kontrolle_DMEM",429
"10","Kontrolle_DMEM",6
"11","Kontrolle_DMEM",3
"0","CAP_direkt",229
"1","CAP_direkt",5591
"2","CAP_direkt",66
"3","CAP_direkt",2460
"4","CAP_direkt",2501
"5","CAP_direkt",1484
"6","CAP_direkt",599
"7","CAP_direkt",605
"8","CAP_direkt",53
"9","CAP_direkt",467
"10","CAP_direkt",107
"11","CAP_direkt",1
"0","CAP_indirekt",250
"1","CAP_indirekt",5211
"2","CAP_indirekt",82
"3","CAP_indirekt",951
"4","CAP_indirekt",427
"5","CAP_indirekt",444
"6","CAP_indirekt",144
"7","CAP_indirekt",106
"8","CAP_indirekt",44
"9","CAP_indirekt",378
"10","CAP_indirekt",1401
"11","CAP_indirekt",6
"0","SM837_alleine",10148
"1","SM837_alleine",69
"2","SM837_alleine",1137
"3","SM837_alleine",68
"4","SM837_alleine",15
"5","SM837_alleine",24
"6","SM837_alleine",37
"7","SM837_alleine",10
"8","SM837_alleine",981
"9","SM837_alleine",73
"10","SM837_alleine",7
"11","SM837_alleine",1
"0","SM837+CAP_direkt",1883
"1","SM837+CAP_direkt",29
"2","SM837+CAP_direkt",5690
"3","SM837+CAP_direkt",37
"4","SM837+CAP_direkt",2
"5","SM837+CAP_direkt",1
"6","SM837+CAP_direkt",30
"7","SM837+CAP_direkt",10
"8","SM837+CAP_direkt",632
"9","SM837+CAP_direkt",256
"10","SM837+CAP_direkt",6
"11","SM837+CAP_direkt",1
"0","SM837+CAP_indirekt",357
"1","SM837+CAP_indirekt",20
"2","SM837+CAP_indirekt",2644
"3","SM837+CAP_indirekt",20
"4","SM837+CAP_indirekt",7
"5","SM837+CAP_indirekt",3
"6","SM837+CAP_indirekt",14
"7","SM837+CAP_indirekt",4
"8","SM837+CAP_indirekt",228
"9","SM837+CAP_indirekt",221
"10","SM837+CAP_indirekt",3
"11","SM837+CAP_indirekt",79
