"cluster","replicate_id","Freq"
"0","Lea1",3251
"1","Lea1",3351
"2","Lea1",3511
"3","Lea1",3313
"4","Lea1",3019
"5","Lea1",1506
"6","Lea1",1014
"7","Lea1",607
"8","Lea1",620
"9","Lea1",16
"10","Lea1",132
"11","Lea1",2
"0","Lea2",5625
"1","Lea2",4732
"2","Lea2",3326
"3","Lea2",2669
"4","Lea2",2775
"5","Lea2",1682
"6","Lea2",755
"7","Lea2",714
"8","Lea2",1036
"9","Lea2",209
"10","Lea2",902
"11","Lea2",3
"0","Lea3",4267
"1","Lea3",4373
"2","Lea3",2860
"3","Lea3",3056
"4","Lea3",2886
"5","Lea3",2052
"6","Lea3",864
"7","Lea3",839
"8","Lea3",384
"9","Lea3",1599
"10","Lea3",496
"11","Lea3",86
