"replicate_id","Sample_Name","Freq"
"Lea1","Kontrolle_DMEM",9052
"Lea2","Kontrolle_DMEM",5644
"Lea3","Kontrolle_DMEM",5482
"Lea1","CAP_direkt",2122
"Lea2","CAP_direkt",4949
"Lea3","CAP_direkt",7092
"Lea1","CAP_indirekt",1869
"Lea2","CAP_indirekt",4072
"Lea3","CAP_indirekt",3503
"Lea1","SM837_alleine",2240
"Lea2","SM837_alleine",6364
"Lea3","SM837_alleine",3966
"Lea1","SM837+CAP_direkt",2897
"Lea2","SM837+CAP_direkt",3399
"Lea3","SM837+CAP_direkt",2281
"Lea1","SM837+CAP_indirekt",2162
"Lea2","SM837+CAP_indirekt",0
"Lea3","SM837+CAP_indirekt",1438
