"Sample_Tag","Sample_Name","Freq"
"SampleTag05_hs","CAP_direkt",0
"SampleTag06_hs","CAP_direkt",0
"SampleTag07_hs","CAP_direkt",5957
"SampleTag09_hs","CAP_direkt",0
"SampleTag11_hs","CAP_direkt",0
"SampleTag05_hs","CAP_indirekt",0
"SampleTag06_hs","CAP_indirekt",4880
"SampleTag07_hs","CAP_indirekt",0
"SampleTag09_hs","CAP_indirekt",0
"SampleTag11_hs","CAP_indirekt",0
"SampleTag05_hs","Kontrolle_DMEM",6552
"SampleTag06_hs","Kontrolle_DMEM",0
"SampleTag07_hs","Kontrolle_DMEM",0
"SampleTag09_hs","Kontrolle_DMEM",0
"SampleTag11_hs","Kontrolle_DMEM",0
"SampleTag05_hs","SM837_alleine",0
"SampleTag06_hs","SM837_alleine",0
"SampleTag07_hs","SM837_alleine",0
"SampleTag09_hs","SM837_alleine",6691
"SampleTag11_hs","SM837_alleine",0
"SampleTag05_hs","SM837+CAP_direkt",0
"SampleTag06_hs","SM837+CAP_direkt",0
"SampleTag07_hs","SM837+CAP_direkt",0
"SampleTag09_hs","SM837+CAP_direkt",0
"SampleTag11_hs","SM837+CAP_direkt",4049
