"dataset_id","Sample_Name","total_cells","low_features","high_features","high_mt","fail_any_QC","retain_after_QC","percent_removed","percent_retained"
"Lea1","CAP_direkt",2228,0,99,7,106,2122,4.76,95.24
"Lea1","CAP_indirekt",1985,1,107,9,116,1869,5.84,94.16
"Lea1","Kontrolle_DMEM",9306,0,244,10,254,9052,2.73,97.27
"Lea1","SM837+CAP_direkt",3047,0,148,2,150,2897,4.92,95.08
"Lea1","SM837+CAP_indirekt",2425,0,261,2,263,2162,10.85,89.15
"Lea1","SM837_alleine",2282,0,42,0,42,2240,1.84,98.16
"Lea2","CAP_direkt",5957,954,6,305,1008,4949,16.92,83.08
"Lea2","CAP_indirekt",4880,755,2,220,808,4072,16.56,83.44
"Lea2","Kontrolle_DMEM",6552,860,1,254,908,5644,13.86,86.14
"Lea2","SM837+CAP_direkt",4049,600,22,109,650,3399,16.05,83.95
"Lea2","SM837_alleine",6691,296,0,111,327,6364,4.89,95.11
"Lea3","CAP_direkt",7724,570,36,117,632,7092,8.18,91.82
"Lea3","CAP_indirekt",3936,378,43,52,433,3503,11,89
"Lea3","Kontrolle_DMEM",5998,482,13,85,516,5482,8.6,91.4
"Lea3","SM837+CAP_direkt",2592,284,18,27,311,2281,12,88
"Lea3","SM837+CAP_indirekt",1839,343,26,125,401,1438,21.81,78.19
"Lea3","SM837_alleine",4081,91,2,56,115,3966,2.82,97.18
